emotion,word
Радость,Радость
Радость,Восторг
Радость,Надежда
Радость,Гордость
Радость,Нежность
Радость,Благодарность
Радость,Восхищение
Радость,Любовь
Радость,Умиротворение
Радость,Умиление
Радость,Безмятежность
Радость,Воодушевление
Радость,Азарт
Радость,Ликование
Радость,Симпатия
Радость,Предвкушение
Радость,приятно
Радость,по кайфу
Радость,развеселою
Радость,шуточность
Радость,веселою
Радость,веселость
Радость,оживление
Радость,праздничность
Радость,радость
Радость,веселье
Радость,беззаботность
Радость,жизнерадостность
Радость,задорность
Радость,улыбчивость
Радость,шутливость
Радость,оптимистичность
Радость,оживленность
Радость,мажорность
Радость,смешливость
Радость,беспечальность
Радость,обрадоваться
Радость,обеими руками перекреститься
Радость,вздохнуть с облегчением
Радость,душа взыграла
Радость,сердце взыграло
Радость,утешиться
Радость,обеими руками ухватиться
Радость,сдохнуть
Радость,возрадоваться
Радость,возликовать
Радость,взыграть духом
Радость,порадоваться
Радость,испытать радость
Радость,ухватиться обеими руками
Радость,обрадуем
Радость,порадуем
Радость,разутешим
Радость,утешим
Радость,обрадуемся
Радость,порадуемся
Радость,обрадуемте
Радость,порадуемте
Радость,разутешимте
Радость,утешимте
Радость,обрадует
Радость,порадует
Радость,разутешит
Радость,утешит
Радость,обрадуете
Радость,порадуете
Радость,разутешите
Радость,утешите
Радость,обрадуетесь
Радость,порадуетесь
Радость,обрадуется
Радость,порадуется
Радость,обрадуешся
Радость,порадуешся
Радость,обрадуешь
Радость,порадуешь
Радость,разутешишь
Радость,утешишь
Радость,обрадуешься
Радость,порадуешься
Радость,обрадуй
Радость,радуй
Радость,порадуй
Радость,разутешь
Радость,утешь
Радость,обрадуйте
Радость,радуйте
Радость,порадуйте
Радость,разутешьте
Радость,утешьте
Радость,обрадую
Радость,порадую
Радость,разутешу
Радость,утешу
Радость,обрадуюся
Радость,порадуюся
Радость,обрадуют
Радость,порадуют
Радость,разутешат
Радость,утешат
Радость,обрадуются
Радость,порадуются
Радость,отлично
Радость,отличный
Радость,очень хорошо
Радость,пять
Радость,пятерка
Радость,с удовольствием
Радость,подходяще
Радость,офигительно
Радость,качественно
Радость,любо-дорого
Радость,мазово
Радость,заништяк
Радость,будь здоров
Радость,добротно
Радость,недурно
Радость,важнецки
Радость,знатно
Радость,первоклассно
Радость,порядок
Радость,все хоккей
Радость,великолепно
Радость,согласен
Радость,идеально
Радость,завал
Радость,образцово
Радость,несходно
Радость,тип-топ
Радость,быть по сему
Радость,есть такое дело
Радость,ну что ж
Радость,быть так
Радость,на диво
Радость,круто
Радость,все окей
Радость,на должном уровне
Радость,черт его подери
Радость,высшая отметка
Радость,высшая оценка
Радость,на отличку
Радость,в лучшем виде
Радость,чем плохо
Радость,как следует
Радость,любо-мило
Радость,распрекрасное дело
Радость,как нельзя лучше
Радость,на хорошем уровне
Радость,окейно
Радость,неплохо
Радость,умирать не надо
Радость,с радостью
Радость,грех жаловаться
Радость,замечательно
Радость,прекрасно
Радость,добро
Радость,славно
Радость,пусть будет так
Радость,по рукам
Радость,так тому и быть
Радость,благотворно
Радость,восхитительно
Радость,благодать
Радость,колоссально
Радость,будь-будь
Радость,хорошо
Радость,изрядно
Радость,хоккей
Радость,красота
Радость,законно
Радость,изумительно
Радость,здорово
Радость,чудесно
Радость,оттяг
Радость,вдоль и поперек
Радость,в кайф
Радость,чудно
Радость,распрекрасно
Радость,обалденно
Радость,классно
Радость,сочно
Радость,на ять
Радость,класс
Радость,договорились
Радость,черт их подери
Радость,черт их побери
Радость,черт тебя дери
Радость,черт тебя побери
Радость,с восторгом
Радость,черт его возьми
Радость,черт тебя возьми
Радость,черт его побери
Радость,черт их дери
Радость,клево
Радость,покат
Радость,пожалуйста
Радость,на совесть
Радость,порядочно
Радость,повадно
Радость,писк
Радость,лады
Радость,чудненько
Радость,тики-так
Радость,лепо
Радость,сочняк
Радость,это как любовь
Радость,окей
Радость,нормально
Радость,ладно
Радость,идет
Радость,добре
Радость,непохоже
Радость,досконально
Радость,недурственно
Радость,да будет так
Радость,черт их возьми
Радость,черт его дери
Радость,черт тебя подери
Радость,блеск
Радость,на зависть
Радость,различно
Радость,отменно
Радость,ништяк
Радость,торч
Радость,лафа
Радость,пятерочка
Радость,попс
Радость,превосходно
Радость,несхоже
Радость,отличного
Радость,замечательного
Радость,хорошего
Радость,непохожего
Радость,несходного
Радость,несхожего
Радость,прекрасного
Радость,отменного
Радость,превосходного
Радость,великолепного
Радость,распрекрасного
Радость,отличное
Радость,замечательное
Радость,хорошее
Радость,непохожее
Радость,несходное
Радость,несхожее
Радость,прекрасное
Радость,отменное
Радость,превосходное
Радость,великолепное
Радость,распрекрасное
Радость,отличной
Радость,замечательной
Радость,хорошей
Радость,непохожей
Радость,несходной
Радость,несходною
Радость,несхожей
Радость,несхожею
Радость,прекрасной
Радость,отменной
Радость,отменною
Радость,превосходной
Радость,превосходною
Радость,великолепной
Радость,великолепною
Радость,распрекрасной
Радость,распрекрасною
Радость,наилучшей
Радость,отличном
Радость,замечательном
Радость,хорошей
Радость,непохожем
Радость,несходном
Радость,несхожем
Радость,прекрасном
Радость,отменном
Радость,превосходном
Радость,великолепном
Радость,распрекрасном
Радость,отличному
Радость,замечательному
Радость,хорошей
Радость,прекрасному
Радость,отрада
Радость,удовольствие
Радость,радость
Радость,веселье
Радость,услада
Радость,приятность
Радость,просвет
Радость,утеха
Радость,утешение
Радость, удовольствие
Радость,светлое пятно
Радость,отрадность
Радость,отрадам
Радость,радостям
Радость,отрадами
Радость,радостями
Радость,отрадах
Радость,радостях
Радость,отраден
Радость,радостен
Радость,отрадна
Радость,радостна
Радость,отрадная
Радость,радостная
Радость,отраднее
Радость,радостнее
Радость,отрадней
Радость,радостней
Радость,отрадно
Радость,утешительно
Радость,радостно
Радость,приятно
Радость,отрадного
Радость,радостного
Радость,отрадное
Радость,радостное
Радость,отрадной
Радость,радостной
Радость,отрадном
Радость,радостном
Радость,отрадному
Радость,радостному
Радость,отрадность
Радость,отрада
Радость,приятность
Радость,радостность
Радость,отрадною
Радость,радостною
Радость,отрадную
Радость,радостную
Радость,отрадны
Радость,радостны
Радость,отрадные
Радость,радостные
Радость,отрадный
Радость,хороший
Радость,утешительный
Радость,радостный
Радость,приятный
Радость,веселый
Радость,жизнерадостный
Радость,весёлый
Радость,приятственный
Радость,отрадным
Радость,радостным
Радость,отрадными
Радость,радостными
Радость,отрадных
Радость,радостных
Радость,отрадою
Радость,радостью
Радость,охотно
Радость,добровольно
Радость,с охотой
Радость,волею
Радость,охоче
Радость,добром
Радость,по собственной воле
Радость,по собственному побуждению
Радость,всей душой
Радость,доброхотно
Радость,подолгу
Радость,с удовольствием
Радость,с радостью
Радость,желательно
Радость,с охоткой
Радость,в охотку
Радость,во охотку
Радость,не заставляя себя просить
Радость,готовно
Радость,нарасхват
Радость,с аппетитом
Радость,с руками и ногами
Радость,с дорогой душой
Радость,за милую душу
Радость,с готовностью. Ant. неохотно
Радость,Охотно
Радость,с охотой
Радость, волею
Радость, добровольно
Радость, добром
Радость, по собственной воле
Радость, по собственному побуждению
Радость, всей душой
Радость,волею
Радость,добровольно
Радость,добром
Радость,по собственной воле
Радость,по собственному побуждению
Радость,всей душой
Радость,порадоваться
Радость,повеселиться
Радость,возликовать
Радость,испытать радость
Радость,нарадоваться
Радость,взыграть духом
Радость,сердце взыграло
Радость,душа взыграла
Радость,выпить
Радость,обрадоваться
Радость,ухватиться обеими руками
Радость,потешиться
Радость,утешиться
Радость,поликовать
Радость,поутешиться
Радость,возрадоваться
Радость,порадуемся
Радость,возрадуемся
Радость,порадуемся жизни
Радость,насладимся жизнью
Радость,порадует
Радость,повеселит
Радость,порадуетесь
Радость,возрадуетесь
Радость,порадуетесь жизни
Радость,насладитесь жизнью
Радость,порадуется
Радость,возрадуется
Радость,порадуется жизни
Радость,насладится жизнью
Радость,порадуешся
Радость,обрадуешся
Радость,порадуешься
Радость,возрадуешься
Радость,порадуешься жизни
Радость,насладишься жизнью
Печаль,безутешна
Печаль,печальна
Печаль,неутешна
Печаль,загребистых
Печаль,безутешная
Печаль,печальная
Печаль,неутешная
Печаль,загривка
Печаль,безутешнее
Печаль,печальнее
Печаль,неутешнее
Печаль,загривкам
Печаль,безутешней
Печаль,печальней
Печаль,неутешнее
Печаль,загривками
Печаль,безутешно
Печаль,печально
Печаль,неутешно
Печаль,безотрадно
Печаль,загривках
Печаль,безутешного
Печаль,печального
Печаль,неутешного
Печаль,загривке
Печаль,безутешное
Печаль,печальное
Печаль,неутешное
Печаль,загривки
Печаль,безутешной
Печаль,печальной
Печаль,неутешной
Печаль,загривков
Печаль,безутешном
Печаль,печальном
Печаль,неутешном
Печаль,загривком
Печаль,безутешному
Печаль,печальному
Печаль,неутешному
Печаль,загривку
Печаль,безутешность
Печаль,неутешность
Печаль,безотрадность
Печаль,неутешительность
Печаль,неутешимость
Печаль,безутешною
Печаль,печальною
Печаль,неутешною
Печаль,загрубев
Печаль,безутешную
Печаль,печальную
Печаль,неутешную
Печаль,загрубев
Печаль,безутешны
Печаль,печальны
Печаль,неутешны
Печаль,загрубев
Печаль,безутешные
Печаль,печальные
Печаль,неутешные
Печаль,загрубевшая
Печаль,безутешный
Печаль,безотрадный
Печаль,печальный
Печаль,неутешный
Печаль,загрубевшая
Печаль,безутешным
Печаль,печальным
Печаль,неутешным
Печаль,загрубевшая
Печаль,безутешными
Печаль,печальными
Печаль,неутешными
Печаль,загрубевшего
Печаль,безутешных
Печаль,печальных
Печаль,неутешных
Печаль,горе
Печаль,драма
Печаль,беда
Печаль,несчастье
Печаль,напасть
Печаль,трагедия
Печаль,злоключение
Печаль,бедствие
Печаль,злополучие
Печаль,горесть
Печаль,неблагополучие
Печаль,кручина
Печаль,тоска
Печаль,печаль
Печаль,боль
Печаль,горечь
Печаль,грусть
Печаль,скорбь
Печаль,сокрушение
Печаль,прискорбие
Печаль,бездолье
Печаль,злополучье
Печаль,неприятность
Печаль,неудача
Печаль,невзгода
Печаль,препятствие
Печаль,печалование
Печаль,недоля
Печаль,лихо
Печаль,поруха
Печаль,злосчастие
Печаль,горести
Печаль,удар судьбы
Печаль,злосчастье
Печаль,зарез
Печаль,несчастие
Печаль,радость
Печаль,беду
Печаль,беде
Печаль,бедствии
Печаль,напасти
Печаль,лихе
Печаль,злоключении
Печаль,злополучии
Печаль,драму
Печаль,драме
Печаль,трагедию
Печаль,трагедии
Печаль,куче
Печаль,груде
Печаль,вороху
Печаль,ворохе
Печаль,навалу
Печаль,навале
Печаль,множеству
Печаль,массе
Печаль,уймище
Печаль,бездне
Печаль,пропасти
Печаль,тьме
Печаль,тьма тем
Печаль,возу
Печаль,возе
Печаль,вагону
Печаль,вагоне
Печаль,прорве
Печаль,гибели
Печаль,силе
Печаль,морю
Печаль,море
Печаль,печалить
Печаль,горке
Печаль,Горе
Печаль,горесть
Печаль,грусть
Печаль,кручина
Печаль,печаль
Печаль,скорбь
Печаль,беда
Печаль,печаль
Печаль,препятствие
Печаль,грусть
Печаль,ручина
Печаль,ечаль
Печаль,корбь
Печаль,беда
Печаль,препятствие
Печаль,горемыкать
Печаль,бедствовать
Печаль,горев
Печаль,пламенев
Печаль,полыхав
Печаль,пылав
Печаль,теплившись
Печаль,горевав
Печаль,крушившись
Печаль,скорбев
Печаль,сокрушавшись
Печаль,тужив
Печаль,убивавшись
Печаль,горевавшая
Печаль,крушившаяся
Печаль,скорбевшая
Печаль,сокрушавшаяся
Печаль,тужившая
Печаль,убивавшаяся
Печаль,горевавшего
Печаль,крушившегося
Печаль,скорбевшего
Печаль,сокрушавшегося
Печаль,тужившего
Печаль,убивавшегося
Печаль,горевавшее
Печаль,крушившееся
Печаль,скорбевшее
Печаль,сокрушавшееся
Печаль,тужившее
Печаль,убивавшееся
Печаль,горевавшей
Печаль,крушившейся
Печаль,скорбевшей
Печаль,сокрушавшейся
Печаль,тужившей
Печаль,убивавшейся
Печаль,горевавшем
Печаль,крушившемся
Печаль,скорбевшем
Печаль,сокрушавшемся
Печаль,тужившем
Печаль,убивавшемся
Печаль,горевавшему
Печаль,крушившемуся
Печаль,скорбевшему
Печаль,сокрушавшемуся
Печаль,тужившему
Печаль,убивавшемуся
Печаль,горевавшею
Печаль,крушившеюся
Печаль,скорбевшею
Печаль,сокрушавшеюся
Печаль,тужившею
Печаль,убивавшеюся
Печаль,горевавши
Печаль,крушившись
Печаль,скорбев
Печаль,сокрушавшись
Печаль,тужив
Печаль,убивавшись
Печаль,горевавшие
Печаль,крушившиеся
Печаль,скорбевшие
Печаль,сокрушавшиеся
Печаль,тужившие
Печаль,убивавшиеся
Печаль,горевавший
Печаль,кручинившийся
Печаль,бедствовавший
Печаль,скорбивший
Печаль,сокрушавшийся
Печаль,убивавшийся
Печаль,воздыхавший
Печаль,огорчавшийся
Печаль,вздыхавший
Печаль,киснувший
Печаль,скорбевший
Печаль,туживший
Печаль,грустивший
Печаль,горюнившийся
Печаль,крушившийся
Печаль,жептавшийся
Печаль,унывавший
Печаль,горевавшим
Печаль,крушившимся
Печаль,скорбевшим
Печаль,сокрушавшимся
Печаль,тужившим
Печаль,убивавшимся
Печаль,горевавшими
Печаль,крушившимися
Печаль,скорбевшими
Печаль,сокрушавшимися
Печаль,тужившими
Печаль,убивавшимися
Печаль,горевавших
Печаль,крушившихся
Печаль,скорбевших
Печаль,сокрушавшихся
Печаль,туживших
Печаль,убивавшихся
Печаль,горевавшую
Печаль,крушившуюся
Печаль,скорбевшую
Печаль,сокрушавшуюся
Печаль,тужившую
Печаль,убивавшуюся
Печаль,горевал
Печаль,печалился
Печаль,крушился
Печаль,скорбел
Печаль,сокрушался
Печаль,тужил
Печаль,убивался
Печаль,горевала
Печаль,печалилась
Печаль,крушилась
Печаль,скорбела
Печаль,сокрушалась
Печаль,тужила
Печаль,убивалась
Печаль,горевалася
Печаль,скорбелася
Печаль,горевали
Печаль,печалились
Печаль,крушились
Печаль,скорбели
Печаль,сокрушались
Печаль,тужили
Печаль,убивались
Печаль,горевалися
Печаль,скорбелися
Печаль,горевало
Печаль,печалилось
Печаль,крушилось
Печаль,скорбело
Печаль,сокрушалось
Печаль,тужило
Печаль,убивалось
Печаль,горевалося
Печаль,скорбелося
Печаль,горевался
Печаль,скорбелся
Печаль,горевать
Печаль,крушиться
Печаль,сокрушаться
Печаль,скорбеть
Печаль,тужить
Печаль,убиваться
Печаль,печалиться
Печаль,быть безутешным
Печаль,горюниться
Печаль,киснуть
Печаль,вздыхать
Печаль,воздыхать
Печаль,рвать на себе волосы
Печаль,биться головой об стену
Печаль,сердце кровью обливается
Печаль,скорбить
Печаль,горе горевать
Печаль,быть неутешным
Печаль,грустить
Печаль,огорчаться
Печаль,бедствовать
Печаль,унывать
Печаль,посыпать голову пеплом
Печаль,посыпать пеплом голову
Печаль,кручиниться
Печаль,горевая
Печаль,многострадальная
Печаль,горевого
Печаль,многострадального
Печаль,горевое
Печаль,многострадальное
Печаль,горевой
Печаль,бедный
Печаль,жалкий
Печаль,горемычный
Печаль,злополучный
Печаль,злосчастный
Печаль,бессчастный
Печаль,несчастливый
Печаль,многострадальный
Печаль,несчастный
Печаль,горький
Печаль,бедолажный
Печаль,бездольный
Печаль,многострадальной
Печаль,горевом
Печаль,многострадальном
Печаль,горевому
Печаль,многострадальному
Печаль,горевую
Печаль,многострадальную
Печаль,горевшая
Печаль,пламеневшая
Печаль,полыхавшая
Печаль,пылавшая
Печаль,теплившаяся
Печаль,горевшего
Печаль,пламеневшего
Печаль,полыхавшего
Печаль,пылавшего
Печаль,теплившегося
Печаль,горевшее
Печаль,пламеневшее
Печаль,полыхавшее
Печаль,пылавшее
Печаль,теплившееся
Печаль,горевшей
Печаль,пламеневшей
Печаль,полыхавшей
Печаль,пылавшей
Печаль,теплившейся
Печаль,горевшем
Печаль,пламеневшем
Печаль,полыхавшем
Печаль,пылавшем
Печаль,теплившемся
Печаль,горевшему
Печаль,пламеневшему
Печаль,полыхавшему
Печаль,пылавшему
Печаль,теплившемуся
Печаль,горевшею
Печаль,пламеневшею
Печаль,полыхавшею
Печаль,пылавшею
Печаль,теплившеюся
Печаль,горевши
Печаль,пламеневши
Печаль,пламенев
Печаль,полыхав
Печаль,пылав
Печаль,теплившись
Печаль,горевшие
Печаль,пламеневшие
Печаль,полыхавшие
Печаль,пылавшие
Печаль,теплившиеся
Печаль,горевший
Печаль,просвечивавший
Печаль,сквозивший
Печаль,изнашивавшийся
Печаль,мигавший
Печаль,мерцавший
Печаль,загоравшийся
Печаль,брезжившийся
Печаль,моргавший
Печаль,трепавшийся
Печаль,снашивавшийся
Печаль,светивший
Печаль,сиявший
Печаль,сопревавший
Печаль,пыхавший
Печаль,звездившийся
Печаль,поблескивавший
Печаль,курившийся
Печаль,превший
Печаль,взблескивавший
Печаль,брезживший
Печаль,лучившийся
Печаль,искрившийся
Печаль,игравший
Печаль,увлекавшийся
Печаль,переливавшийся
Печаль,переливавший
Печаль,интересовавшийся
Печаль,живший
Печаль,бредивший
Печаль,сгнивавший
Печаль,топившийся
Печаль,теплившийся
Печаль,проваливавшийся
Печаль,сверкавший
Печаль,истлевавший
Печаль,сгоравший
Печаль,гнивший
Печаль,пылавший
Печаль,пламеневший
Печаль,полыхавший
Печаль,блиставший
Печаль,тлевший
Печаль,зависавший
Печаль,светившийся
Печаль,красневший
Печаль,излучавшийся
Печаль,блестевший
Печаль,загнивавший
Печаль,разлагавшийся
Печаль,горевшим
Печаль,пламеневшим
Печаль,полыхавшим
Печаль,пылавшим
Печаль,теплившимся
Печаль,горевшими
Печаль,пламеневшими
Печаль,полыхавшими
Печаль,пылавшими
Печаль,теплившимися
Печаль,горевших
Печаль,пламеневших
Печаль,полыхавших
Печаль,пылавших
Печаль,теплившихся
Печаль,горевшую
Печаль,пламеневшую
Печаль,полыхавшую
Печаль,пылавшую
Печаль,теплившуюся
Печаль,Печаль
Печаль,Грусть
Печаль,Разочарование
Печаль,Тоска
Печаль,Сочувствие
Печаль,Отчаяние
Печаль,Скорбь
Печаль,Сожаление
Печаль,Огорчение
Печаль,Жалость
Печаль,Горе
Страх,Страх
Страх,Беспокойство
Страх,Тревога
Страх,Ужас
Страх,Паника
Страх,Испуг
Страх,Волнение
Страх,Настороженность
Страх,Боязнь
Страх,Опасение
Страх,Трепет
Страх,грозно
Страх,ужасно
Страх,жутко
Страх,страшно
Страх,яростно
Страх,свирепо
Страх,сердито
Страх,сурово
Страх,устрашающе
Страх,хмуро
Страх,ожесточенно
Страх,озлобленно
Страх,раздраженно
Страх,разъяренно
Страх,угрожающе
Страх,злобно
Страх,зло
Страх,чудовищно
Страх,ужасающе
Страх,гневно
Страх,с сердцем
Страх,зловеще
Страх,пугающе
Страх,остервенело
Страх,запальчиво
Страх,негодующе
Страх,строго
Страх,грозного
Страх,строгого
Страх,взыскательного
Страх,грозное
Страх,строгое
Страх,взыскательное
Страх,грозной
Страх,строгой
Страх,взыскательной
Страх,грозном
Страх,строгом
Страх,взыскательном
Страх,грозному
Страх,строгому
Страх,взыскательному
Страх,грозность
Страх,свирепость
Страх,суровость
Страх,злоба
Страх,жуткость
Страх,чудовищность
Страх,жестокость
Страх,ярость
Страх,яростность
Страх,свирепство
Страх,гневность
Страх,хмурость
Страх,сердитость
Страх,злобность
Страх,разъяренность
Страх,запальчивость
Страх,раздраженность
Страх,остервенелость
Страх,ожесточенность
Страх,озлобленность
Страх,грозною
Страх,строгою
Страх,грозную
Страх,строгую
Страх,взыскательную
Страх,грозные
Страх,строгие
Страх,взыскательные
Страх,грозный
Страх,взыскательный
Страх,строгий
Страх,суровый
Страх,сердитый
Страх,хмурный
Страх,пасмурный
Страх,молниеносный
Страх,сердитый
Страх,опасный
Страх,страшный
Страх,угрюмый
Страх,зловещий
Страх,злобный
Страх,хмурый
Страх,угрожающий
Страх,чудовищный
Страх,ужасающий
Страх,пугающий
Страх,представляющий опасность
Страх,злой
Страх,яростный
Страх,ужасный
Страх,взбешенный
Страх,леденящий душу
Страх,внушающий ужас
Страх,леденящий кровь
Страх,наводящий страх
Страх,внушающий страх
Страх,злой как черт
Страх,вселяющий страх
Страх,вселяющий ужас
Страх,наводящий ужас
Страх,гневный
Страх,свирепый
Страх,шутки плохи
Страх,грозящий
Страх,жуткий
Страх,жестокий
Страх,устрашающий
Страх,негодующий
Страх,город
Страх,ожесточенный
Страх,остервенелый
Страх,озлобленный
Страх,запальчивый
Страх,разъяренный
Страх,раздраженный
Страх,Грозный
Страх,взыскательный
Страх, строгий
Страх, суровый
Страх, сердитый
Страх, хмурный
Страх,  опасный
Страх, сердитый
Страх, страшный
Страх, строгий
Страх, угрюмый
Страх,строгий
Страх,суровый
Страх,сердитый
Страх,хмурный
Страх,опасный
Страх,страшный
Страх,угрюмый
Страх,грозным
Страх,строгим
Страх,взыскательным
Страх,грозными
Страх,строгими
Страх,взыскательными
Страх,грозных
Страх,строгих
Страх,испугаться
Страх,взыскательных
Страх,заробел
Страх,испугал
Страх,заробела
Страх,испугала
Страх,заробелася
Страх,испугалася
Страх,заробели
Страх,испугали
Страх,заробелися
Страх,испугалися
Страх,заробело
Страх,испугало
Страх,заробелося
Страх,испугалося
Страх,заробелся
Страх,испугался
Страх,заробелый
Страх,оробевший
Страх,заробеть
Страх,испугаться
Страх,не знать куда деться
Страх,переконфузиться
Страх,прийти в замешательство
Страх,прийти в смущение
Страх,задрожать от страха
Страх,оробеть
Страх,перетрухать
Страх,передрейфить
Страх,засмущаться
Страх,застыдиться
Страх,застесняться
Страх,похолодеть
Страх,напугаться
Страх,перепугаться
Страх,не знать куда глаза девать
Страх,не знать куда деваться
Страх,смешаться
Страх,стушеваться
Страх,сконфузиться
Страх,набраться страха
Страх,натерпеться страха
Страх,смутиться
Страх,не знать куда руки девать
Страх,замешаться
Страх,устрашиться
Страх,помертветь
Страх,струсить
Страх,задрожать
Страх,не знать куда руки деть
Страх,не знать куда глаза деть
Страх,испугать
Стыд,Стыд
Стыд,Вина
Стыд,Смущение
Стыд,Неловкость
Стыд,Неудобство
Стыд,постыдный
Стыд,позорный
Стыд,стыдливый
Стыд,бесстыдник
Стыд,бесстыдница
Стыд,совестно
Стыд,стыдно
Стыд,позорно
Стыд,постыдно
Стыд,совесть зазрит
Стыд,западло
Стыд,зазорного
Стыд,позорного
Стыд,зазорное
Стыд,позорное
Стыд,зазорной
Стыд,позорной
Стыд,зазорном
Стыд,позорном
Стыд,зазорному
Стыд,позорному
Стыд,зазорность
Стыд,постыдность
Стыд,неприличность
Стыд,позорность
Стыд,завистливость
Стыд,зазорный
Стыд,неприличный
Стыд,позорный
Стыд,преступный
Стыд,стыдный
Стыд,постыдный
Стыд,промежуточный
Стыд,соромный
Стыд,завистливый
Стыд,заробеть
Стыд,испугаться
Стыд,не знать куда деться
Стыд,переконфузиться
Стыд,прийти в замешательство
Стыд,прийти в смущение
Стыд,задрожать от страха
Стыд,оробеть
Стыд,перетрухать
Стыд,передрейфить
Стыд,засмущаться
Стыд,застыдиться
Стыд,застесняться
Стыд,похолодеть
Стыд,напугаться
Стыд,перепугаться
Стыд,не знать куда глаза девать
Стыд,не знать куда деваться
Стыд,смешаться
Стыд,стушеваться
Стыд,сконфузиться
Стыд,набраться страха
Стыд,натерпеться страха
Стыд,смутиться
Стыд,не знать куда руки девать
Стыд,замешаться
Стыд,устрашиться
Стыд,помертветь
Стыд,струсить
Стыд,задрожать
Стыд,не знать куда руки деть
Стыд,не знать куда глаза деть
Стыд,испугать
Стыд,сгореть со стыда
Стыд,застенчивого
Стыд,скромного
Стыд,робкого
Стыд,застенчивое
Стыд,робкое
Стыд,застенчивой
Стыд,робкой
Стыд,стеснительной
Стыд,застенчивом
Стыд,робком
Стыд,застенчивому
Стыд,робкому
Стыд,застенчивостей
Стыд,робостей
Стыд,застенчивости
Стыд,робости
Стыд,застенчивость
Стыд,робость
Стыд,трусость
Стыд,дикость
Стыд,стеснительность
Стыд,стыд
Стыд,стыдливость
Стыд, стыд
Стыд,конфузливость
Стыд,застенчивостью
Стыд,робостью
Стыд,застенчивостям
Стыд,робостям
Стыд,застенчивостями
Стыд,робостями
Стыд,застенчивостях
Стыд,робостях
Стыд,застенчивою
Стыд,робкою
Стыд,застенчивую
Стыд,скромную
Стыд,робкую
Стыд,застенчивые
Стыд,скромные
Стыд,робкие
Стыд,застенчивый
Стыд,дикий
Стыд,стеснительный
Стыд,робкий
Стыд,трусливый
Стыд,стыдливый
Стыд,конфузливый
Стыд, трусливый
Стыд,скромный
Стыд,смущающийся
Стыд,красная девушка
Стыд,красная девица
Стыд,застыдчивый
Стыд,дробной
Стыд,застенчивым
Стыд,робким
Стыд,застенчивыми
Стыд,робкими
Стыд,застенчивых
Стыд,скромных
Стыд,робких
Стыд,имей совесть
Стыд,позор
Стыд,стыдно
Стыд,как не стыдно
Гнев,Гнев
Гнев,Раздражение
Гнев,Возмущение
Гнев,Недовольство
Гнев,Отвращение
Гнев,Презрение
Гнев,Бешенство
Гнев,Обида
Гнев,Злость
Гнев,Досада
Гнев,Зависть
Гнев,Негодование
Гнев,Злорадство
Гнев,Неприязнь
Гнев,Ревность
Гнев,иметь зуб
Гнев,вражда
Гнев, враждовать
Гнев, сердиться
Гнев,сердиться
Гнев,держать сердце
Гнев,таить злобу
Гнев,точить зуб
Гнев,точить нож
Гнев,держать зло
Гнев,держать гнев
Гнев,враждовать
Гнев,надутый
Гнев,пышный
Гнев,мрачный
Гнев,важный
Гнев,обойденный
Гнев,злой
Гнев,суровый
Гнев,хмурый
Гнев,раздраженный
Гнев,неестественный
Гнев,гневный
Гнев,сердитый
Гнев,нервный
Гнев,недовольный
Гнев,возмущенный
Гнев,ожесточенный
Гнев,раздосадованный
Гнев,озлобленный
Гнев,выспренный
Гнев,высокопарный
Гнев,гордый
Гнев,надменный
Гнев,высокомерный
Гнев,чванный
Гнев,спесивый
Гнев,чванливый
Гнев,кичливый
Гнев,заносчивый
Гнев,напыщенный
Гнев,нагретый
Гнев,раздутый
Гнев,велеречивый
Гнев,риторический
Гнев,чопорный
Гнев,вздутый
Гнев,обиженный
Гнев,оболваненный
Гнев,одураченный
Гнев,навеянный
Гнев,нанесенный
Гнев,обведенный
Гнев,околпаченный
Гнев,подкованный
Гнев,проведенный
Гнев,обставленный
Гнев, гордый
Гнев, сердитый
Гнев,обмишуленный
Гнев,объегоренный
Гнев,наметенный
Гнев,облапошенный
Гнев,обутый на обе ноги
Гнев,охмуренный
Гнев,обдутый
Гнев,обштопанный
Гнев,рассвирепелый
Гнев,обведенный вокруг пальца
Гнев,барственный
Гнев,ходульный
Гнев,навитый
Гнев,зазнавшийся
Гнев,риторичный
Гнев,обжуленный
Гнев,обдураченный
Гнев,рассвирепевший
Гнев,обмишуренный
Гнев,надуть губы
Гнев,будировать
Гнев, рассердиться
Гнев, сердиться
Гнев,рассердиться
Гнев,сердиться
Гнев,надуться
Гнев,вздуться
Гнев, рассердиться
Гнев,натренькаться
Гнев,перебрать
Гнев,наспиртоваться
Гнев,быть в претензии
Гнев,взбучиться
Гнев,вскоробиться
Гнев,надуться спесью
Гнев,напустить на себя важность
Гнев,забеременеть
Гнев,вспучить
Гнев,быть в обиде
Гнев,разбухнуть
Гнев,вломиться в амбицию
Гнев,зол
Гнев,упругий
Гнев,рассерчать
Гнев,разважничаться
Гнев,зазнаться
Гнев,нарезаться
Гнев,налакаться
Гнев,насосаться
Гнев,нализаться
Гнев,напиться допьяна
Гнев,взбучить
Гнев,насандалиться
Гнев,накукарекаться
Гнев,настаканиться
Гнев,набарабаниться
Гнев,напиться вдребезги
Гнев,набузыриться
Гнев,напиться до чертиков
Гнев,обидеться
Гнев,набальзамиться
Гнев,войти в амбицию
Гнев,навакситься
Гнев,наклюкаться
Гнев,загордиться
Гнев,вспухший
Гнев,вспухнуть
Гнев,выпить
Гнев,переложить
Гнев,набраться
Гнев,напиться
Гнев,удариться в амбицию
Гнев,надуться как мышь на крупу
Гнев,напиться вдрызг
Гнев,прогневаться
Гнев,вознестись
Гнев,взбеситься
Гнев,разозлиться
Гнев,озлиться
Гнев,разгневаться
Гнев,дойти до белого каления
Гнев,взбелениться
Гнев,выйти из себя
Гнев,надуть губы
Гнев,разъяриться
Гнев,обозлиться
Гнев,напиться пьяным
Гнев,возгордиться
Гнев,напыжиться
Гнев,напрячься
Гнев,изобидеться
Гнев,насвистаться
Гнев,нахохлиться
Гнев,нахлебаться
Гнев,нахвататься
Гнев,взъяриться
Гнев,налимониться
Гнев,накачаться
Гнев,раздуться
Гнев,занестись
Гнев,назюзиться
Гнев,нахлестаться
Гнев,нагрузиться
Гнев,натянуться
Гнев,рассердиться
Гнев,налопаться
Гнев,надраться
Гнев,оскорбиться
Гнев,разобидеться
Гнев,наполниться
Гнев,взбухнуть
Гнев,набрякнуть
Гнев,набухнуть
Гнев,заважничать
Гнев,набухший
Гнев,осерчать
Гнев,вспучиться
Гнев,назюзюкаться
Гнев,негодовавшая
Гнев,роптавшая
Гнев,сердившаяся
Гнев,негодовавшего
Гнев,роптавшего
Гнев,негодовавшее
Гнев,роптавшее
Гнев,негодовавшей
Гнев,роптавшей
Гнев,негодовавшем
Гнев,роптавшем
Гнев,негодовавшему
Гнев,роптавшему
Гнев,негодовавшею
Гнев,роптавшею
Гнев,негодовавши
Гнев,роптавши
Гнев,негодовавшие
Гнев,роптавшие
Гнев,негодовавший
Гнев,роптавший
Гнев,негодовавшим
Гнев,роптавшим
Гнев,негодовавшими
Гнев,роптавшими
Гнев,негодовавших
Гнев,роптавших
Гнев,негодовавшую
Гнев,роптавшую
Гнев,негодовал
Гнев,роптал
Гнев,негодовала
Гнев,роптала
Гнев,негодовали
Гнев,роптали
Гнев,негодовало
Гнев,роптало
Гнев,негодование
Гнев,ропот
Гнев,бешенство
Гнев,раздражение
Гнев,роптание
Гнев,гнев
Гнев,ярость
Гнев,возмущение
Гнев,недовольство
Гнев,ужас
Гнев,камни вопиют
Гнев,возмущенность
Гнев,негодовать
Гнев,обижаться
Гнев, роптать
Гнев, сердиться
Гнев,возмущаться
Гнев,роптать
Гнев,возникать
Гнев,приходить в негодование
Гнев,сердиться
Гнев,негодуем
Гнев,ропщем
Гнев,негодует
Гнев,ропщет
Гнев,негодуете
Гнев,ропщете
Гнев,негодуешь
Гнев,ропщешь
Гнев,негодуйте
Гнев,ропщите
Гнев,негодуют
Гнев,ропщут
Гнев,негодующая
Гнев,ропщущая
Гнев,сердящаяся
Гнев,негодующе
Гнев,возмущенно
Гнев,раздраженно
Гнев,сердито
Гнев,разгневанно
Гнев,гневно
Гнев,негодующего
Гнев,гневного
Гнев,ропщущего
Гнев,негодующее
Гнев,ропщущее
Гнев,негодующей
Гнев,ропщущей
Гнев,негодующем
Гнев,ропщущем
Гнев,негодующему
Гнев,ропщущему
Гнев,негодующею
Гнев,ропщущею
Гнев,негодующие
Гнев,ропщущие
Гнев,негодующий
Гнев,суровый
Гнев,остервенелый
Гнев,раздраженный
Гнев,гневный
Гнев,сердитый
Гнев,разъяренный
Гнев,разгневанный
Гнев,запальчивый
Гнев,нервный
Гнев,недовольный
Гнев,возмущенный
Гнев,ожесточенный
Гнев,раздосадованный
Гнев,озлобленный
Гнев,возникающий
Гнев, недовольный
Гнев, сердитый
Гнев,возмущающийся
Гнев,ропщущий
Гнев,негодующим
Гнев,ропщущим
Гнев,негодующими
Гнев,ропщущими
Гнев,негодующих
Гнев,ропщущих
Гнев,негодующую
Гнев,гневную
Гнев,ропщущую
Гнев,негодующяя
Гнев,ропщущяя
